<!--script/ide/MotionEx/Motion.xml-->
<Motion>
  <MotionLine repeatCnt="-1">
    <UID></UID>
    <Target></Target>
    <!--更新的类型 -->
    <Type>aries_camera</Type>
    <!--场景名称，空为大场景-->
    <Scene></Scene>
    <Origin>{ CameraObjectDistance = 0, CameraLiftupAngle = 0, CameraRotY = 0,}</Origin>
    <Desc>camrea motion line</Desc>
    <KeyFrames>
      <KeyFrame>
        <KeyTime>00:00:00</KeyTime>
        <Value>{ CameraObjectDistance = 8, CameraLiftupAngle = 0, CameraRotY = -1.3,}</Value>
        <FrameType></FrameType>
      </KeyFrame>
      <KeyFrame>
        <KeyTime>00:00:01</KeyTime>
        <Value>{ CameraObjectDistance = 8, CameraLiftupAngle = 0.6, CameraRotY = -1.3 }</Value>
        <FrameType>easeInQuad</FrameType>
      </KeyFrame>
      <KeyFrame>
        <KeyTime>00:00:02</KeyTime>
        <Value>{ CameraObjectDistance = 8, CameraLiftupAngle = 0, CameraRotY = -1.3 }</Value>
        <FrameType></FrameType>
      </KeyFrame>
      <KeyFrame>
        <KeyTime>00:00:03</KeyTime>
        <Value>{ CameraObjectDistance = 8, CameraLiftupAngle = 0.6, CameraRotY = -1.3 }</Value>
        <FrameType></FrameType>
      </KeyFrame>
    </KeyFrames>
  </MotionLine>
  <MotionLine>
    <UID></UID>
    <Target>ElfFemale.x</Target>
    <!--更新的类型 -->
    <Type>entity</Type>
    <!--场景名称，空为大场景-->
    <Scene></Scene>
    <Origin>{ x = 0, y = 0, z = 0, facing = 0 }</Origin>
    <Desc></Desc>
    <KeyFrames>
      <KeyFrame>
        <KeyTime>00:00:00</KeyTime>
        <Value>{ x = 255}</Value>
        <FrameType></FrameType>
      </KeyFrame>
      <KeyFrame>
        <KeyTime>00:00:01</KeyTime>
        <Value>{ x = 260}</Value>
        <FrameType>easeInQuad</FrameType>
      </KeyFrame>
      <KeyFrame>
        <KeyTime>00:00:02</KeyTime>
        <Value>{ y = 10, facing = 0 }</Value>
        <FrameType></FrameType>
      </KeyFrame>
      <KeyFrame>
        <KeyTime>00:00:03</KeyTime>
        <Value>{ facing = 3.14 }</Value>
        <FrameType></FrameType>
      </KeyFrame>
    </KeyFrames>
  </MotionLine>
  <MotionLine>
    <UID></UID>
    <Target></Target>
    <Type>headontext</Type>
    <!--场景名称，空为大场景-->
    <Scene></Scene>
    <Origin></Origin>
    <Desc></Desc>
    <KeyFrames>
      <KeyFrame>
        <KeyTime>00:00:00</KeyTime>
        <Value>{"hello npl"}</Value>
        <FrameType></FrameType>
      </KeyFrame>
      <KeyFrame>
        <KeyTime>00:00:04</KeyTime>
        <Value>{"hello lua"}</Value>
        <FrameType></FrameType>
      </KeyFrame>
      <KeyFrame>
        <KeyTime>00:00:05</KeyTime>
        <Value>{"over"}</Value>
        <FrameType></FrameType>
      </KeyFrame>
    </KeyFrames>
  </MotionLine>
</Motion>
