<?xml version="1.0" encoding="utf-8"?>
<!-- web server configuration file: this node can be child node, thus embedded in shared xml -->
<WebServer>
  <!--which HTTP ip and port this server listens to. -->
  <servers>
    <!-- @param host, port: which ip port to listen to. if * it means all. -->
    <server host="*" port="8099" host_state_name="">
      <defaultHost rules_id="simple_rule"></defaultHost>
      <virtualhosts>
        <!-- force "http://127.0.0.1/" to match to iternal npl_code_wiki site for debugging  -->
        <host name="127.0.0.1:8099" rules_id="npl_code_wiki" allow='{"127.0.0.1"}'></host>
        <host name="www.example.com" rules_id="simple_rule"></host>
      </virtualhosts>
    </server>
  </servers>
  <!--"npl_code_wiki" is an internal rule, but we can also overwrite it here.--> 
  <rules id="npl_code_wiki">
    <rule match='{"^[^%.]+$", "robots.txt"}' with="WebServer.redirecthandler" params='{"/index.page"}'></rule>
    <rule match="%.page$" with="WebServer.npl_page_handler" params="{docroot='%CD%', enable_file_monitor=true}"></rule>
    <rule match="." with="WebServer.filehandler" params='{baseDir = "script/apps/WebServer/admin/"}'></rule>
  </rules>
  <!--rules used when starting a web server. Multiple rules with different id can be defined. -->
  <rules id="simple_rule">
    <!--URI map everything without extension to index.page-->
    <rule match='{"^[^%./]*/$", "^[^%.]+$", "robots.txt"}' with="WebServer.redirecthandler" params='{"/index.page"}'></rule>
    <!--npl script example-->
    <!--<rule match="%.lua$" with="WebServer.makeGenericHandler" params='{docroot="script/apps/WebServer/test", params={}, extra_vars=nil}'></rule>-->
    <rule match="%.lua$" with="WebServer.npl_script_handler" params='%CD%'></rule>
    <!--npl server page example-->
    <rule match="%.page$" with="WebServer.npl_page_handler" params="{docroot='%CD%', enable_file_monitor=true}"></rule>
    <!--Serve files statically in Textures, model, character directory, so that we can use any available png textures. -->
    <rule match='{"^/?Texture/", "^/?model/", "^/?character/"}' with="WebServer.filehandler" params='{baseDir = "", nocache=true}'></rule>
    <!--serving static files in current world directory %world%. -->
    <rule match='^/?www/' with="WebServer.filehandler" params='{baseDir = "%world%", nocache=true}'></rule>
    <!--serving static js files in runtime root directory. -->
    <rule match='^/?script/.+%.js' with="WebServer.filehandler" params='{baseDir = ""}'></rule>
    <!--wp framework related js, css, files-->
    <rule match="^/?wp%-" with="WebServer.filehandler" params='{baseDir = "script/apps/WebServer/admin/"}'></rule>
    <!--filehandler example, base dir is where the root file directory is. 
    @param %CD%:  means current web root directory, 
    @param nocache: boolean, whether to disable static file caching on server. by default, cache is always enabled for static files. 
    @param BrowserCacheExpire: duration in seconds to cache a static document
    -->
    <rule match="." with="WebServer.filehandler" params='{baseDir = "%CD%", BrowserCacheExpire=3600 }'></rule>
  </rules>
  
  <!--global NPL runtime config-->
  <config>
    <!--log level: FATAL, ERROR, WARN, INFO, DEBUG, TRACE -->
    <string name='log_level'>DEBUG</string>
    <string name='AccessLog'>log/access.log</string>
    <number name='max_log_lines'>1000000</number>
    <!--The default duration in seconds to cache a static document when no expiry date is specified.-->
    <number name='CacheDefaultExpire'>86400</number>
    <!--HTTP server related-->
    <table name='NPLRuntime'>
      <!--whether to use compression for incoming connections. This must be true in order for CompressionLevel and CompressionThreshold to take effect--> 
      <bool name='compress_incoming'>true</bool>
      <!---1, 0-9: Set the zlib compression level to use in case compresssion is enabled. 
      Compression level is an integer in the range of -1 to 9. 
		  Lower compression levels result in faster execution, but less compression. Higher levels result in greater compression, 
		  but slower execution. The zlib constant -1, provides a good compromise between compression and speed and is equivalent to level 6.--> 
      <number name='CompressionLevel'>-1</number>
      <!--when the NPL message size is bigger than this number of bytes, we will use m_nCompressionLevel for compression. 
		  For message smaller than the threshold, we will not compress even m_nCompressionLevel is not 0.--> 
      <number name='CompressionThreshold'>204800</number>
      <!--if plain text http content is requested, we will compress it with gzip when its size is over this number of bytes.-->
      <number name='HTTPCompressionThreshold'>12000</number>
      <!--the default npl queue size for each npl thread. defaults to 500. may set to something like 5000 for busy servers-->
      <number name='npl_queue_size'>20000</number>
      <!--whether socket's SO_KEEPALIVE is enabled.--> 
      <bool name='TCPKeepAlive'>true</bool>
      <!--enable application level keep alive. we will use a global idle timer to detect if a connection has been inactive for IdleTimeoutPeriod-->
      <bool name='KeepAlive'>false</bool>
      <!--Enable idle timeout. This is the application level timeout setting.--> 
      <bool name='IdleTimeout'>false</bool>
      <!--how many milliseconds of inactivity to assume this connection should be timed out. if 0 it is never timed out.-->
      <number name='IdleTimeoutPeriod'>1200000</number>
      <!--queue size of pending socket acceptor-->
      <number name='MaxPendingConnections'>1000</number>
      <!--default to 1, set to 0 to silence some connection verbose log. -->
      <number name='LogLevel'>0</number>
    </table>
    <!--garbage collection interval for memory. No need to change-->
    <table name='gc'>
      <number name='gc_interval'>20000</number>
      <string name='gc_opt'>none</string>
      <bool name='print_gc_info'>false</bool>
      <!--automatic garbage collection parameters-->
      <number name='gc_setpause'>90</number>
      <number name='gc_setstepmul'>500</number>
    </table>
  </config>
  
  <!-- site configurations-->
  <config>
    <table name='default'>
      <table name='wiki'>
        <table name='secrets'>
          <!--token secret for this website-->
          <string name='TOKEN_SECRET'>1234567890paracraftwiki</string>
          <!--OAuth 2.0-->
          <string name='GITHUB_SECRET'>c0ed1cc56931c99452c643a867d699d5657b4313</string>
        </table>
        <table name='clientid'>
          <string name='GITHUB_CLIENTID'>44ed8acc9b71e36f47d8</string>
        </table>
        <!--how many seconds to expire user token-->
        <number name='token_expire'>3600000</number>
      </table>  
    </table>
    <table name='paracraft.wiki'>
    </table>
    <table name='wikicraft.cn'>
    </table>
  </config>
</WebServer>