<!--script/ide/MotionEx/CameraMotions/CameraMotion_2.xml-->
<Motion>
  <MotionLine>
    <UID></UID>
    <Target></Target>
    <!--更新的类型 -->
    <Type>aries_camera</Type>
    <!--场景名称，空为大场景-->
    <Scene></Scene>
    <Origin>{ CameraObjectDistance = 0, CameraLiftupAngle = 0, CameraRotY = 0,}</Origin>
    <Desc>camrea motion line</Desc>
    <KeyFrames>
      <KeyFrame>
        <KeyTime>00:00:00</KeyTime>
        <Value>{ CameraObjectDistance = 8, CameraLiftupAngle = 0, CameraRotY = -1.3,}</Value>
        <FrameType></FrameType>
      </KeyFrame>
      <KeyFrame>
        <KeyTime>00:00:01</KeyTime>
        <Value>{ CameraObjectDistance = 8, CameraLiftupAngle = 0.6, CameraRotY = -1.3 }</Value>
        <FrameType>easeInQuad</FrameType>
      </KeyFrame>
      <KeyFrame>
        <KeyTime>00:00:02</KeyTime>
        <Value>{ CameraObjectDistance = 8, CameraLiftupAngle = 0, CameraRotY = -1.3 }</Value>
        <FrameType></FrameType>
      </KeyFrame>
      <KeyFrame>
        <KeyTime>00:00:03</KeyTime>
        <Value>{ CameraObjectDistance = 8, CameraLiftupAngle = 0.6, CameraRotY = -1.3 }</Value>
        <FrameType></FrameType>
      </KeyFrame>
    </KeyFrames>
  </MotionLine>
</Motion>
