<!--Author:LiXizhi 
Date: 2008.5.8
Desc: Used by ide/MessageBox to fade the background-->
<Motion duration="10" xmlns="fl.motion.*" xmlns:geom="flash.geom.*" xmlns:filters="flash.filters.*">
  <source>
    <Source frameRate="24" x="0" y="0" scaleX="1" scaleY="1" rotation="0" elementType="movie clip" symbolName="">
      <dimensions>
        <geom:Rectangle left="0" top="0" width="64" height="64"/>
      </dimensions>
      <transformationPoint>
        <geom:Point x="0.5" y="0.5"/>
      </transformationPoint>
    </Source>
  </source>

  <Keyframe index="0" tweenSnap="true" tweenSync="true">
    <color>
      <Color alphaMultiplier="0"/>
    </color>
    <tweens>
      <SimpleEase ease="0"/>
    </tweens>
  </Keyframe>
  
  <Keyframe index="9">
    <color>
      <Color brightness="-0.75" alphaMultiplier="0.85"/>
    </color>
  </Keyframe>
</Motion>